sample,sample_name,fastq_1,fastq_2,reference_assembly,metadata_1,metadata_2,metadata_3,metadata_4,metadata_5,metadata_6,metadata_7,metadata_8
10A,10A,/scratch/project/adna/Fawad/Coffee_SNVphyl/input_files/10A.R1.fq.gz,/scratch/project/adna/Fawad/Coffee_SNVphyl/input_files/10A.R2.fq.gz
11A,11A,/scratch/project/adna/Fawad/Coffee_SNVphyl/input_files/11A.R1.fq.gz,/scratch/project/adna/Fawad/Coffee_SNVphyl/input_files/11A.R2.fq.gz
12A,12A,/scratch/project/adna/Fawad/Coffee_SNVphyl/input_files/12A.R1.fq.gz,/scratch/project/adna/Fawad/Coffee_SNVphyl/input_files/12A.R2.fq.gz
13A,13A,/scratch/project/adna/Fawad/Coffee_SNVphyl/input_files/13A.R1.fq.gz,/scratch/project/adna/Fawad/Coffee_SNVphyl/input_files/13A.R2.fq.gz
14A,14A,/scratch/project/adna/Fawad/Coffee_SNVphyl/input_files/14A.R1.fq.gz,/scratch/project/adna/Fawad/Coffee_SNVphyl/input_files/14A.R2.fq.gz
15A,15A,/scratch/project/adna/Fawad/Coffee_SNVphyl/input_files/15A.R1.fq.gz,/scratch/project/adna/Fawad/Coffee_SNVphyl/input_files/15A.R2.fq.gz
16A,16A,/scratch/project/adna/Fawad/Coffee_SNVphyl/input_files/16A.R1.fq.gz,/scratch/project/adna/Fawad/Coffee_SNVphyl/input_files/16A.R2.fq.gz
17A,17A,/scratch/project/adna/Fawad/Coffee_SNVphyl/input_files/17A.R1.fq.gz,/scratch/project/adna/Fawad/Coffee_SNVphyl/input_files/17A.R2.fq.gz
18A,18A,/scratch/project/adna/Fawad/Coffee_SNVphyl/input_files/18A.R1.fq.gz,/scratch/project/adna/Fawad/Coffee_SNVphyl/input_files/18A.R2.fq.gz
19A,19A,/scratch/project/adna/Fawad/Coffee_SNVphyl/input_files/19A.R1.fq.gz,/scratch/project/adna/Fawad/Coffee_SNVphyl/input_files/19A.R2.fq.gz
1A,1A,/scratch/project/adna/Fawad/Coffee_SNVphyl/input_files/1A.R1.fq.gz,/scratch/project/adna/Fawad/Coffee_SNVphyl/input_files/1A.R2.fq.gz
20A,20A,/scratch/project/adna/Fawad/Coffee_SNVphyl/input_files/20A.R1.fq.gz,/scratch/project/adna/Fawad/Coffee_SNVphyl/input_files/20A.R2.fq.gz
21A,21A,/scratch/project/adna/Fawad/Coffee_SNVphyl/input_files/21A.R1.fq.gz,/scratch/project/adna/Fawad/Coffee_SNVphyl/input_files/21A.R2.fq.gz
22A,22A,/scratch/project/adna/Fawad/Coffee_SNVphyl/input_files/22A.R1.fq.gz,/scratch/project/adna/Fawad/Coffee_SNVphyl/input_files/22A.R2.fq.gz
23A,23A,/scratch/project/adna/Fawad/Coffee_SNVphyl/input_files/23A.R1.fq.gz,/scratch/project/adna/Fawad/Coffee_SNVphyl/input_files/23A.R2.fq.gz
24A,24A,/scratch/project/adna/Fawad/Coffee_SNVphyl/input_files/24A.R1.fq.gz,/scratch/project/adna/Fawad/Coffee_SNVphyl/input_files/24A.R2.fq.gz
25A,25A,/scratch/project/adna/Fawad/Coffee_SNVphyl/input_files/25A.R1.fq.gz,/scratch/project/adna/Fawad/Coffee_SNVphyl/input_files/25A.R2.fq.gz
26A,26A,/scratch/project/adna/Fawad/Coffee_SNVphyl/input_files/26A.R1.fq.gz,/scratch/project/adna/Fawad/Coffee_SNVphyl/input_files/26A.R2.fq.gz
27A,27A,/scratch/project/adna/Fawad/Coffee_SNVphyl/input_files/27A.R1.fq.gz,/scratch/project/adna/Fawad/Coffee_SNVphyl/input_files/27A.R2.fq.gz
28A,28A,/scratch/project/adna/Fawad/Coffee_SNVphyl/input_files/28A.R1.fq.gz,/scratch/project/adna/Fawad/Coffee_SNVphyl/input_files/28A.R2.fq.gz
29A,29A,/scratch/project/adna/Fawad/Coffee_SNVphyl/input_files/29A.R1.fq.gz,/scratch/project/adna/Fawad/Coffee_SNVphyl/input_files/29A.R2.fq.gz
2A,2A,/scratch/project/adna/Fawad/Coffee_SNVphyl/input_files/2A.R1.fq.gz,/scratch/project/adna/Fawad/Coffee_SNVphyl/input_files/2A.R2.fq.gz
30A,30A,/scratch/project/adna/Fawad/Coffee_SNVphyl/input_files/30A.R1.fq.gz,/scratch/project/adna/Fawad/Coffee_SNVphyl/input_files/30A.R2.fq.gz
31A,31A,/scratch/project/adna/Fawad/Coffee_SNVphyl/input_files/31A.R1.fq.gz,/scratch/project/adna/Fawad/Coffee_SNVphyl/input_files/31A.R2.fq.gz
32A,32A,/scratch/project/adna/Fawad/Coffee_SNVphyl/input_files/32A.R1.fq.gz,/scratch/project/adna/Fawad/Coffee_SNVphyl/input_files/32A.R2.fq.gz
33A,33A,/scratch/project/adna/Fawad/Coffee_SNVphyl/input_files/33A.R1.fq.gz,/scratch/project/adna/Fawad/Coffee_SNVphyl/input_files/33A.R2.fq.gz
34A,34A,/scratch/project/adna/Fawad/Coffee_SNVphyl/input_files/34A.R1.fq.gz,/scratch/project/adna/Fawad/Coffee_SNVphyl/input_files/34A.R2.fq.gz
35A,35A,/scratch/project/adna/Fawad/Coffee_SNVphyl/input_files/35A.R1.fq.gz,/scratch/project/adna/Fawad/Coffee_SNVphyl/input_files/35A.R2.fq.gz
36A,36A,/scratch/project/adna/Fawad/Coffee_SNVphyl/input_files/36A.R1.fq.gz,/scratch/project/adna/Fawad/Coffee_SNVphyl/input_files/36A.R2.fq.gz
37A,37A,/scratch/project/adna/Fawad/Coffee_SNVphyl/input_files/37A.R1.fq.gz,/scratch/project/adna/Fawad/Coffee_SNVphyl/input_files/37A.R2.fq.gz
38A,38A,/scratch/project/adna/Fawad/Coffee_SNVphyl/input_files/38A.R1.fq.gz,/scratch/project/adna/Fawad/Coffee_SNVphyl/input_files/38A.R2.fq.gz
39A,39A,/scratch/project/adna/Fawad/Coffee_SNVphyl/input_files/39A.R1.fq.gz,/scratch/project/adna/Fawad/Coffee_SNVphyl/input_files/39A.R2.fq.gz
3A,3A,/scratch/project/adna/Fawad/Coffee_SNVphyl/input_files/3A.R1.fq.gz,/scratch/project/adna/Fawad/Coffee_SNVphyl/input_files/3A.R2.fq.gz
40A,40A,/scratch/project/adna/Fawad/Coffee_SNVphyl/input_files/40A.R1.fq.gz,/scratch/project/adna/Fawad/Coffee_SNVphyl/input_files/40A.R2.fq.gz
41A,41A,/scratch/project/adna/Fawad/Coffee_SNVphyl/input_files/41A.R1.fq.gz,/scratch/project/adna/Fawad/Coffee_SNVphyl/input_files/41A.R2.fq.gz
42A,42A,/scratch/project/adna/Fawad/Coffee_SNVphyl/input_files/42A.R1.fq.gz,/scratch/project/adna/Fawad/Coffee_SNVphyl/input_files/42A.R2.fq.gz
43A,43A,/scratch/project/adna/Fawad/Coffee_SNVphyl/input_files/43A.R1.fq.gz,/scratch/project/adna/Fawad/Coffee_SNVphyl/input_files/43A.R2.fq.gz
45A,45A,/scratch/project/adna/Fawad/Coffee_SNVphyl/input_files/45A.R1.fq.gz,/scratch/project/adna/Fawad/Coffee_SNVphyl/input_files/45A.R2.fq.gz
46A,46A,/scratch/project/adna/Fawad/Coffee_SNVphyl/input_files/46A.R1.fq.gz,/scratch/project/adna/Fawad/Coffee_SNVphyl/input_files/46A.R2.fq.gz
48A,48A,/scratch/project/adna/Fawad/Coffee_SNVphyl/input_files/48A.R1.fq.gz,/scratch/project/adna/Fawad/Coffee_SNVphyl/input_files/48A.R2.fq.gz
49A,49A,/scratch/project/adna/Fawad/Coffee_SNVphyl/input_files/49A.R1.fq.gz,/scratch/project/adna/Fawad/Coffee_SNVphyl/input_files/49A.R2.fq.gz
4A,4A,/scratch/project/adna/Fawad/Coffee_SNVphyl/input_files/4A.R1.fq.gz,/scratch/project/adna/Fawad/Coffee_SNVphyl/input_files/4A.R2.fq.gz
50A,50A,/scratch/project/adna/Fawad/Coffee_SNVphyl/input_files/50A.R1.fq.gz,/scratch/project/adna/Fawad/Coffee_SNVphyl/input_files/50A.R2.fq.gz
51A,51A,/scratch/project/adna/Fawad/Coffee_SNVphyl/input_files/51A_merged.R1.fq.gz,/scratch/project/adna/Fawad/Coffee_SNVphyl/input_files/51A_merged.R2.fq.gz
52A,52A,/scratch/project/adna/Fawad/Coffee_SNVphyl/input_files/52A_merged.R1.fq.gz,/scratch/project/adna/Fawad/Coffee_SNVphyl/input_files/52A_merged.R2.fq.gz
53A,53A,/scratch/project/adna/Fawad/Coffee_SNVphyl/input_files/53A.R1.fq.gz,/scratch/project/adna/Fawad/Coffee_SNVphyl/input_files/53A.R2.fq.gz
54A,54A,/scratch/project/adna/Fawad/Coffee_SNVphyl/input_files/54A.R1.fq.gz,/scratch/project/adna/Fawad/Coffee_SNVphyl/input_files/54A.R2.fq.gz
55A,55A,/scratch/project/adna/Fawad/Coffee_SNVphyl/input_files/55A_merged.R1.fq.gz,/scratch/project/adna/Fawad/Coffee_SNVphyl/input_files/55A_merged.R2.fq.gz
56A,56A,/scratch/project/adna/Fawad/Coffee_SNVphyl/input_files/56A_merged.R1.fq.gz,/scratch/project/adna/Fawad/Coffee_SNVphyl/input_files/56A_merged.R2.fq.gz
57A,57A,/scratch/project/adna/Fawad/Coffee_SNVphyl/input_files/57A_merged.R1.fq.gz,/scratch/project/adna/Fawad/Coffee_SNVphyl/input_files/57A_merged.R2.fq.gz
58A,58A,/scratch/project/adna/Fawad/Coffee_SNVphyl/input_files/58A_merged.R1.fq.gz,/scratch/project/adna/Fawad/Coffee_SNVphyl/input_files/58A_merged.R2.fq.gz
5A,5A,/scratch/project/adna/Fawad/Coffee_SNVphyl/input_files/5A.R1.fq.gz,/scratch/project/adna/Fawad/Coffee_SNVphyl/input_files/5A.R2.fq.gz
6A,6A,/scratch/project/adna/Fawad/Coffee_SNVphyl/input_files/6A.R1.fq.gz,/scratch/project/adna/Fawad/Coffee_SNVphyl/input_files/6A.R2.fq.gz
7A,7A,/scratch/project/adna/Fawad/Coffee_SNVphyl/input_files/7A.R1.fq.gz,/scratch/project/adna/Fawad/Coffee_SNVphyl/input_files/7A.R2.fq.gz
8A,8A,/scratch/project/adna/Fawad/Coffee_SNVphyl/input_files/8A.R1.fq.gz,/scratch/project/adna/Fawad/Coffee_SNVphyl/input_files/8A.R2.fq.gz
9A,9A,/scratch/project/adna/Fawad/Coffee_SNVphyl/input_files/9A.R1.fq.gz,/scratch/project/adna/Fawad/Coffee_SNVphyl/input_files/9A.R2.fq.gz
